[
  {
   "ParameterKey": "ProtectedInstances",
   "ParameterValue": "1-10K"
  },
  {
   "ParameterKey": "Environment",
   "ParameterValue": "Production"
  },
  {
   "ParameterKey": "DomainName",
   "ParameterValue": "awsqs.com"
  },
  {
   "ParameterKey": "SubDomainName",
   "ParameterValue": "xxxxxxxx.awsqs.com"
  },
  {
   "ParameterKey": "Availability",
   "ParameterValue": "Yes"
  },
  {
   "ParameterKey": "KeyPairName",
   "ParameterValue": "$[alfred_getkeypair]"
  },
  {
   "ParameterKey": "AvailabilityZones",
   "ParameterValue": "$[taskcat_genaz_2]"
  },
  {
   "ParameterKey": "VPCCIDR",
   "ParameterValue": "10.0.0.0/16"
  },
  {
   "ParameterKey": "PublicSubnet1CIDR",
   "ParameterValue": "10.0.0.0/24"
  },
  {
   "ParameterKey": "PublicSubnet2CIDR",
   "ParameterValue": "10.0.1.0/24"
  },
  {
   "ParameterKey": "PrivateSubnet1CIDR",
   "ParameterValue": "10.0.2.0/24"
  },
  {
   "ParameterKey": "PrivateSubnet2CIDR",
   "ParameterValue": "10.0.3.0/24"
  },
  {
   "ParameterKey": "RemoteAccessCIDR",
   "ParameterValue": "10.0.0.0/16"
  },
  {
   "ParameterKey": "EPOLicenseKey",
   "ParameterValue": ""
  },
  {
   "ParameterKey": "EPOAdminUserName",
   "ParameterValue": "admin"
  },
  {
   "ParameterKey": "EPOAdminPassword",
   "ParameterValue": "$[taskcat_genpass_8S]"
  },
  {
   "ParameterKey": "EPOPassphraseDR",
   "ParameterValue": "$[taskcat_genpass_16]"
  },
  {
   "ParameterKey": "EPOConsolePort",
   "ParameterValue": "8443"
  },
  {
   "ParameterKey": "EPOELBCertificateARN",
   "ParameterValue": ""
  },
  {
   "ParameterKey": "EPOAccessCIDR",
   "ParameterValue": "10.0.0.0/16"
  },
  {
   "ParameterKey": "DBMasterUsername",
   "ParameterValue": "sa"
  },
  {
   "ParameterKey": "DBMasterUserPassword",
   "ParameterValue": "$[taskcat_genpass_8]"
  },
  {
   "ParameterKey": "DBPort",
   "ParameterValue": "1433"
  },
  {
   "ParameterKey": "DBAllocatedStorage",
   "ParameterValue": "200"
  },
  {
   "ParameterKey": "DBInstanceIdentifier",
   "ParameterValue": ""
  },
  {
   "ParameterKey": "DXLPort",
   "ParameterValue": "80"
  },
  {
   "ParameterKey": "AHPort",
   "ParameterValue": "443"
  },
  {
   "ParameterKey": "ClientAccessCIDR",
   "ParameterValue": "10.0.0.0/16"
  },
  {
   "ParameterKey": "EnableAutoUpdate",
   "ParameterValue": "Yes"
  },
  {
   "ParameterKey": "AutoApproval",
   "ParameterValue": "Automatic"
  },
  {
   "ParameterKey": "AdminEmailAddress",
   "ParameterValue": "x@mcafee.com"
  },
  {
   "ParameterKey": "ApproverEmailAddress",
   "ParameterValue": "x@mcafee.com"
  },
  {
   "ParameterKey": "AutoCleanup",
   "ParameterValue": "Enable"
  }
]
