{
  "Parameters" : {
    "ProtectedInstances": "",
    "Environment": "",
    "DomainName": "",
    "SubDomainName": "",
    "Availability": "",
    "KeyPairName": "",
    "AvailabilityZones": "",
    "VPCCIDR": "",
    "PrivateSubnet1CIDR": "",
    "PrivateSubnet2CIDR": "",
    "PublicSubnet1CIDR": "",
    "PublicSubnet2CIDR": "",
    "RemoteAccessCIDR": "",
    "OnPremiseDomainName": "",
    "OnPremiseServerDNS": "",
    "EPOLicenseKey": "",
    "EPOAdminUserName": "",
    "EPOAdminPassword": "",
    "EPOPassphraseDR": "",
    "EPOConsolePort": "",
    "EPOELBCertificateARN": "",
    "EPOAccessCIDR": "",
    "DBMasterUsername": "",
    "DBMasterUserPassword": "",
    "DBPort": "",
    "DBBackupRetentionPeriod": "",
    "DBAllocatedStorage": "",
    "DBInstanceIdentifier": "",
    "AHPort": "",
    "DXLPort": "",
    "ClientAccessCIDR": "",
    "EnableAutoUpdate": "",
    "AutoApproval": "",
    "AdminEmailAddress": "",
    "ApproverEmailAddress": "",
    "AutoCleanup": "",
    "QSS3BucketName": "",
    "QSS3KeyPrefix": ""
  }
}
